"COUNTRY.Name","INDICATOR.Name","TYPE_OF_TRANSFORMATION.Name","FREQUENCY.Name","TIME_PERIOD","OBS_VALUE"
"Afghanistan, Islamic Republic of","Loan Accounts, Commercial banks","Number","Annual","2016","59478"
"Afghanistan, Islamic Republic of","Loan Accounts, Commercial banks","Number","Annual","2017","64106"
"Afghanistan, Islamic Republic of","Loan Accounts, Commercial banks","Number","Annual","2018","72457"
"Afghanistan, Islamic Republic of","Loan Accounts, Commercial banks","Number","Annual","2019","66127"
"Angola","Loan Accounts, Commercial banks","Number","Annual","2016","294650"
"Angola","Loan Accounts, Commercial banks","Number","Annual","2017","423317"
"Angola","Loan Accounts, Commercial banks","Number","Annual","2018","394290"
"Angola","Loan Accounts, Commercial banks","Number","Annual","2020","1384368"
"Anguilla, United Kingdom-British Overseas Territory","Loan Accounts, Commercial banks","Number","Annual","2020","4680"
"Anguilla, United Kingdom-British Overseas Territory","Loan Accounts, Commercial banks","Number","Annual","2021","4715"
"Anguilla, United Kingdom-British Overseas Territory","Loan Accounts, Commercial banks","Number","Annual","2022","5933"
"Anguilla, United Kingdom-British Overseas Territory","Loan Accounts, Commercial banks","Number","Annual","2023","5590"
"Albania","Loan Accounts, Commercial banks","Number","Annual","2016","412452"
"Albania","Loan Accounts, Commercial banks","Number","Annual","2017","390705"
"Albania","Loan Accounts, Commercial banks","Number","Annual","2018","388828"
"Albania","Loan Accounts, Commercial banks","Number","Annual","2019","402190"
"Albania","Loan Accounts, Commercial banks","Number","Annual","2020","420301"
"Albania","Loan Accounts, Commercial banks","Number","Annual","2021","450710"
"Albania","Loan Accounts, Commercial banks","Number","Annual","2022","434672"
"Albania","Loan Accounts, Commercial banks","Number","Annual","2023","417687"
"Andorra, Principality of","Loan Accounts, Commercial banks","Number","Annual","2022","68139"
"Andorra, Principality of","Loan Accounts, Commercial banks","Number","Annual","2023","55916"
"United Arab Emirates","Loan Accounts, Commercial banks","Number","Annual","2016","4884339"
"United Arab Emirates","Loan Accounts, Commercial banks","Number","Annual","2017","5050328"
"United Arab Emirates","Loan Accounts, Commercial banks","Number","Annual","2018","4797058"
"United Arab Emirates","Loan Accounts, Commercial banks","Number","Annual","2019","4777879"
"United Arab Emirates","Loan Accounts, Commercial banks","Number","Annual","2020","4964855"
"United Arab Emirates","Loan Accounts, Commercial banks","Number","Annual","2021","5015883"
"United Arab Emirates","Loan Accounts, Commercial banks","Number","Annual","2022","5516638"
"United Arab Emirates","Loan Accounts, Commercial banks","Number","Annual","2023","6178830"
"Argentina","Loan Accounts, Commercial banks","Number","Annual","2016","17713775"
"Argentina","Loan Accounts, Commercial banks","Number","Annual","2017","17807195"
"Argentina","Loan Accounts, Commercial banks","Number","Annual","2018","18208827"
"Argentina","Loan Accounts, Commercial banks","Number","Annual","2019","17653860"
"Argentina","Loan Accounts, Commercial banks","Number","Annual","2020","16422822"
"Argentina","Loan Accounts, Commercial banks","Number","Annual","2021","16155173"
"Argentina","Loan Accounts, Commercial banks","Number","Annual","2022","17219318"
"Argentina","Loan Accounts, Commercial banks","Number","Annual","2023","17898840"
"Armenia, Republic of","Loan Accounts, Commercial banks","Number","Annual","2016","881100"
"Armenia, Republic of","Loan Accounts, Commercial banks","Number","Annual","2017","902898"
"Armenia, Republic of","Loan Accounts, Commercial banks","Number","Annual","2018","1039980"
"Armenia, Republic of","Loan Accounts, Commercial banks","Number","Annual","2019","1224500"
"Armenia, Republic of","Loan Accounts, Commercial banks","Number","Annual","2020","1333104"
"Armenia, Republic of","Loan Accounts, Commercial banks","Number","Annual","2021","1324584"
"Armenia, Republic of","Loan Accounts, Commercial banks","Number","Annual","2022","1510357"
"Armenia, Republic of","Loan Accounts, Commercial banks","Number","Annual","2023","1964259"
"Antigua and Barbuda","Loan Accounts, Commercial banks","Number","Annual","2020","29823"
"Antigua and Barbuda","Loan Accounts, Commercial banks","Number","Annual","2021","33468"
"Antigua and Barbuda","Loan Accounts, Commercial banks","Number","Annual","2022","26539"
"Antigua and Barbuda","Loan Accounts, Commercial banks","Number","Annual","2023","25200"
"Azerbaijan, Republic of","Loan Accounts, Commercial banks","Number","Annual","2016","1651012"
"Azerbaijan, Republic of","Loan Accounts, Commercial banks","Number","Annual","2017","1398216"
"Azerbaijan, Republic of","Loan Accounts, Commercial banks","Number","Annual","2018","2197452"
"Azerbaijan, Republic of","Loan Accounts, Commercial banks","Number","Annual","2019","2462198"
"Azerbaijan, Republic of","Loan Accounts, Commercial banks","Number","Annual","2020","2433864"
"Azerbaijan, Republic of","Loan Accounts, Commercial banks","Number","Annual","2021","2805949"
"Azerbaijan, Republic of","Loan Accounts, Commercial banks","Number","Annual","2022","3464930"
"Azerbaijan, Republic of","Loan Accounts, Commercial banks","Number","Annual","2023","3755548"
"Burundi","Loan Accounts, Commercial banks","Number","Annual","2017","72805"
"Burundi","Loan Accounts, Commercial banks","Number","Annual","2018","88320"
"Burundi","Loan Accounts, Commercial banks","Number","Annual","2019","105297"
"Burundi","Loan Accounts, Commercial banks","Number","Annual","2020","67919"
"Belgium","Loan Accounts, Commercial banks","Number","Annual","2016","12052702"
"Belgium","Loan Accounts, Commercial banks","Number","Annual","2017","12013363"
"Belgium","Loan Accounts, Commercial banks","Number","Annual","2018","11897461"
"Belgium","Loan Accounts, Commercial banks","Number","Annual","2019","11572324"
"Belgium","Loan Accounts, Commercial banks","Number","Annual","2020","11445085"
"Bangladesh","Loan Accounts, Commercial banks","Number","Annual","2016","10102494"
"Bangladesh","Loan Accounts, Commercial banks","Number","Annual","2017","10608826"
"Bangladesh","Loan Accounts, Commercial banks","Number","Annual","2018","10704156"
"Bangladesh","Loan Accounts, Commercial banks","Number","Annual","2019","11047067"
"Bangladesh","Loan Accounts, Commercial banks","Number","Annual","2020","11090807"
"Bangladesh","Loan Accounts, Commercial banks","Number","Annual","2021","12154964"
"Bangladesh","Loan Accounts, Commercial banks","Number","Annual","2022","12433038"
"Bangladesh","Loan Accounts, Commercial banks","Number","Annual","2023","13179334"
"Bulgaria","Loan Accounts, Commercial banks","Number","Annual","2016","2741743"
"Bulgaria","Loan Accounts, Commercial banks","Number","Annual","2017","2746507"
"Bulgaria","Loan Accounts, Commercial banks","Number","Annual","2018","3065552"
"Bulgaria","Loan Accounts, Commercial banks","Number","Annual","2019","3171576"
"Bulgaria","Loan Accounts, Commercial banks","Number","Annual","2020","2912790"
"Bulgaria","Loan Accounts, Commercial banks","Number","Annual","2021","2930633"
"Bulgaria","Loan Accounts, Commercial banks","Number","Annual","2022","2981505"
"Bulgaria","Loan Accounts, Commercial banks","Number","Annual","2023","2965464"
"Bahrain, Kingdom of","Loan Accounts, Commercial banks","Number","Annual","2023","541582"
"Bahamas, The","Loan Accounts, Commercial banks","Number","Annual","2016","248190"
"Bahamas, The","Loan Accounts, Commercial banks","Number","Annual","2017","247465"
"Bahamas, The","Loan Accounts, Commercial banks","Number","Annual","2018","234707"
"Bahamas, The","Loan Accounts, Commercial banks","Number","Annual","2019","219514"
"Bahamas, The","Loan Accounts, Commercial banks","Number","Annual","2020","210796"
"Bahamas, The","Loan Accounts, Commercial banks","Number","Annual","2021","197834"
"Bahamas, The","Loan Accounts, Commercial banks","Number","Annual","2022","193963"
"Bahamas, The","Loan Accounts, Commercial banks","Number","Annual","2023","206817"
"Bosnia and Herzegovina","Loan Accounts, Commercial banks","Number","Annual","2016","1887886"
"Bosnia and Herzegovina","Loan Accounts, Commercial banks","Number","Annual","2017","1927469"
"Bosnia and Herzegovina","Loan Accounts, Commercial banks","Number","Annual","2018","1986981"
"Bosnia and Herzegovina","Loan Accounts, Commercial banks","Number","Annual","2019","2100099"
"Bosnia and Herzegovina","Loan Accounts, Commercial banks","Number","Annual","2020","2039145"
"Bosnia and Herzegovina","Loan Accounts, Commercial banks","Number","Annual","2021","2031116"
"Bosnia and Herzegovina","Loan Accounts, Commercial banks","Number","Annual","2022","2027590"
"Bosnia and Herzegovina","Loan Accounts, Commercial banks","Number","Annual","2023","2042665"
"Belize","Loan Accounts, Commercial banks","Number","Annual","2016","60132"
"Belize","Loan Accounts, Commercial banks","Number","Annual","2017","44716"
"Belize","Loan Accounts, Commercial banks","Number","Annual","2018","53900"
"Belize","Loan Accounts, Commercial banks","Number","Annual","2019","54075"
"Belize","Loan Accounts, Commercial banks","Number","Annual","2020","53086"
"Belize","Loan Accounts, Commercial banks","Number","Annual","2021","59847"
"Belize","Loan Accounts, Commercial banks","Number","Annual","2022","64139"
"Belize","Loan Accounts, Commercial banks","Number","Annual","2023","77387"
"Bolivia","Loan Accounts, Commercial banks","Number","Annual","2016","543581"
"Bolivia","Loan Accounts, Commercial banks","Number","Annual","2017","633339"
"Bolivia","Loan Accounts, Commercial banks","Number","Annual","2018","666313"
"Bolivia","Loan Accounts, Commercial banks","Number","Annual","2019","692109"
"Bolivia","Loan Accounts, Commercial banks","Number","Annual","2020","774419"
"Bolivia","Loan Accounts, Commercial banks","Number","Annual","2021","794862"
"Bolivia","Loan Accounts, Commercial banks","Number","Annual","2022","856904"
"Bolivia","Loan Accounts, Commercial banks","Number","Annual","2023","786996"
"Brazil","Loan Accounts, Commercial banks","Number","Annual","2016","467017768"
"Brazil","Loan Accounts, Commercial banks","Number","Annual","2017","443858991"
"Brazil","Loan Accounts, Commercial banks","Number","Annual","2018","450461495"
"Brazil","Loan Accounts, Commercial banks","Number","Annual","2019","522014780"
"Brazil","Loan Accounts, Commercial banks","Number","Annual","2020","538513655"
"Brazil","Loan Accounts, Commercial banks","Number","Annual","2021","601271940"
"Brazil","Loan Accounts, Commercial banks","Number","Annual","2022","640699386"
"Brazil","Loan Accounts, Commercial banks","Number","Annual","2023","645933447"
"Barbados","Loan Accounts, Commercial banks","Number","Annual","2016","161785"
"Barbados","Loan Accounts, Commercial banks","Number","Annual","2017","155825"
"Barbados","Loan Accounts, Commercial banks","Number","Annual","2018","164562"
"Barbados","Loan Accounts, Commercial banks","Number","Annual","2019","156249"
"Barbados","Loan Accounts, Commercial banks","Number","Annual","2020","156423"
"Barbados","Loan Accounts, Commercial banks","Number","Annual","2021","145533"
"Barbados","Loan Accounts, Commercial banks","Number","Annual","2022","130094"
"Barbados","Loan Accounts, Commercial banks","Number","Annual","2023","148697"
"Brunei Darussalam","Loan Accounts, Commercial banks","Number","Annual","2016","157448"
"Brunei Darussalam","Loan Accounts, Commercial banks","Number","Annual","2017","176210"
"Brunei Darussalam","Loan Accounts, Commercial banks","Number","Annual","2018","161995"
"Brunei Darussalam","Loan Accounts, Commercial banks","Number","Annual","2019","158390"
"Brunei Darussalam","Loan Accounts, Commercial banks","Number","Annual","2020","195812"
"Brunei Darussalam","Loan Accounts, Commercial banks","Number","Annual","2021","193648"
"Bhutan","Loan Accounts, Commercial banks","Number","Annual","2016","107011"
"Bhutan","Loan Accounts, Commercial banks","Number","Annual","2017","100433"
"Bhutan","Loan Accounts, Commercial banks","Number","Annual","2018","119771"
"Bhutan","Loan Accounts, Commercial banks","Number","Annual","2019","138607"
"Bhutan","Loan Accounts, Commercial banks","Number","Annual","2020","148722"
"Bhutan","Loan Accounts, Commercial banks","Number","Annual","2021","153538"
"Botswana","Loan Accounts, Commercial banks","Number","Annual","2016","310198"
"Botswana","Loan Accounts, Commercial banks","Number","Annual","2017","322828"
"Botswana","Loan Accounts, Commercial banks","Number","Annual","2018","367247"
"Botswana","Loan Accounts, Commercial banks","Number","Annual","2019","429703"
"Botswana","Loan Accounts, Commercial banks","Number","Annual","2020","372396"
"Botswana","Loan Accounts, Commercial banks","Number","Annual","2021","399057"
"Botswana","Loan Accounts, Commercial banks","Number","Annual","2022","410849"
"Botswana","Loan Accounts, Commercial banks","Number","Annual","2023","502317"
"Central African Republic","Loan Accounts, Commercial banks","Number","Annual","2016","59582"
"Central African Republic","Loan Accounts, Commercial banks","Number","Annual","2017","47389"
"Chile","Loan Accounts, Commercial banks","Number","Annual","2016","14439568"
"Chile","Loan Accounts, Commercial banks","Number","Annual","2017","14818366"
"Chile","Loan Accounts, Commercial banks","Number","Annual","2018","15527511"
"Chile","Loan Accounts, Commercial banks","Number","Annual","2019","15675499"
"Chile","Loan Accounts, Commercial banks","Number","Annual","2020","14614458"
"Chile","Loan Accounts, Commercial banks","Number","Annual","2021","13767468"
"Chile","Loan Accounts, Commercial banks","Number","Annual","2022","14793393"
"Chile","Loan Accounts, Commercial banks","Number","Annual","2023","14996808"
"China, People's Republic of","Loan Accounts, Commercial banks","Number","Annual","2019","2221501000"
"China, People's Republic of","Loan Accounts, Commercial banks","Number","Annual","2020","5656000000"
"Cameroon","Loan Accounts, Commercial banks","Number","Annual","2016","450489"
"Cameroon","Loan Accounts, Commercial banks","Number","Annual","2017","481135"
"Cameroon","Loan Accounts, Commercial banks","Number","Annual","2018","582095"
"Cameroon","Loan Accounts, Commercial banks","Number","Annual","2019","726888"
"Cameroon","Loan Accounts, Commercial banks","Number","Annual","2020","862523"
"Congo, Democratic Republic of the","Loan Accounts, Commercial banks","Number","Annual","2016","550184"
"Congo, Democratic Republic of the","Loan Accounts, Commercial banks","Number","Annual","2017","549316"
"Congo, Democratic Republic of the","Loan Accounts, Commercial banks","Number","Annual","2018","569240"
"Congo, Republic of","Loan Accounts, Commercial banks","Number","Annual","2016","76291"
"Congo, Republic of","Loan Accounts, Commercial banks","Number","Annual","2017","81143.499995"
"Congo, Republic of","Loan Accounts, Commercial banks","Number","Annual","2018","87812.8711343579"
"Congo, Republic of","Loan Accounts, Commercial banks","Number","Annual","2019","93879.8518045116"
"Congo, Republic of","Loan Accounts, Commercial banks","Number","Annual","2020","85343"
"Congo, Republic of","Loan Accounts, Commercial banks","Number","Annual","2021","98909"
"Colombia","Loan Accounts, Commercial banks","Number","Annual","2016","21126820"
"Colombia","Loan Accounts, Commercial banks","Number","Annual","2017","21612261"
"Colombia","Loan Accounts, Commercial banks","Number","Annual","2018","22389265"
"Colombia","Loan Accounts, Commercial banks","Number","Annual","2019","24462995"
"Colombia","Loan Accounts, Commercial banks","Number","Annual","2020","23202781"
"Colombia","Loan Accounts, Commercial banks","Number","Annual","2021","23957434"
"Colombia","Loan Accounts, Commercial banks","Number","Annual","2022","27261656"
"Colombia","Loan Accounts, Commercial banks","Number","Annual","2023","27108592"
"Comoros, Union of the","Loan Accounts, Commercial banks","Number","Annual","2016","6084"
"Comoros, Union of the","Loan Accounts, Commercial banks","Number","Annual","2017","6916"
"Comoros, Union of the","Loan Accounts, Commercial banks","Number","Annual","2018","8017"
"Comoros, Union of the","Loan Accounts, Commercial banks","Number","Annual","2019","9220"
"Comoros, Union of the","Loan Accounts, Commercial banks","Number","Annual","2020","9487"
"Comoros, Union of the","Loan Accounts, Commercial banks","Number","Annual","2021","9382"
"Comoros, Union of the","Loan Accounts, Commercial banks","Number","Annual","2022","12955"
"Costa Rica","Loan Accounts, Commercial banks","Number","Annual","2016","4580029"
"Costa Rica","Loan Accounts, Commercial banks","Number","Annual","2017","5274438"
"Costa Rica","Loan Accounts, Commercial banks","Number","Annual","2018","4882882"
"Costa Rica","Loan Accounts, Commercial banks","Number","Annual","2019","4949481"
"Costa Rica","Loan Accounts, Commercial banks","Number","Annual","2020","4416145"
"Costa Rica","Loan Accounts, Commercial banks","Number","Annual","2021","4409093"
"Costa Rica","Loan Accounts, Commercial banks","Number","Annual","2022","4751954"
"Costa Rica","Loan Accounts, Commercial banks","Number","Annual","2023","5120675"
"Cyprus","Loan Accounts, Commercial banks","Number","Annual","2016","730509"
"Cyprus","Loan Accounts, Commercial banks","Number","Annual","2017","835166"
"Cyprus","Loan Accounts, Commercial banks","Number","Annual","2018","696133"
"Cyprus","Loan Accounts, Commercial banks","Number","Annual","2019","614924"
"Cyprus","Loan Accounts, Commercial banks","Number","Annual","2020","541006"
"Cyprus","Loan Accounts, Commercial banks","Number","Annual","2021","508985"
"Cyprus","Loan Accounts, Commercial banks","Number","Annual","2022","492075"
"Cyprus","Loan Accounts, Commercial banks","Number","Annual","2023","500534"
"Germany","Loan Accounts, Commercial banks","Number","Annual","2016",""
"Germany","Loan Accounts, Commercial banks","Number","Annual","2017",""
"Germany","Loan Accounts, Commercial banks","Number","Annual","2018",""
"Germany","Loan Accounts, Commercial banks","Number","Annual","2019",""
"Germany","Loan Accounts, Commercial banks","Number","Annual","2020",""
"Germany","Loan Accounts, Commercial banks","Number","Annual","2021",""
"Germany","Loan Accounts, Commercial banks","Number","Annual","2022",""
"Germany","Loan Accounts, Commercial banks","Number","Annual","2023",""
"Djibouti","Loan Accounts, Commercial banks","Number","Annual","2016","27892"
"Djibouti","Loan Accounts, Commercial banks","Number","Annual","2017","33252"
"Djibouti","Loan Accounts, Commercial banks","Number","Annual","2018","17680"
"Djibouti","Loan Accounts, Commercial banks","Number","Annual","2019","20879"
"Djibouti","Loan Accounts, Commercial banks","Number","Annual","2021","46980"
"Djibouti","Loan Accounts, Commercial banks","Number","Annual","2022","50050"
"Djibouti","Loan Accounts, Commercial banks","Number","Annual","2023","54609"
"Dominica","Loan Accounts, Commercial banks","Number","Annual","2020","9666"
"Dominica","Loan Accounts, Commercial banks","Number","Annual","2021","6951"
"Dominica","Loan Accounts, Commercial banks","Number","Annual","2022","9472"
"Dominica","Loan Accounts, Commercial banks","Number","Annual","2023","8584"
"Dominican Republic","Loan Accounts, Commercial banks","Number","Annual","2016","3608370"
"Dominican Republic","Loan Accounts, Commercial banks","Number","Annual","2017","3622741"
"Dominican Republic","Loan Accounts, Commercial banks","Number","Annual","2018","3706625"
"Dominican Republic","Loan Accounts, Commercial banks","Number","Annual","2019","3894923"
"Dominican Republic","Loan Accounts, Commercial banks","Number","Annual","2020","3457316"
"Dominican Republic","Loan Accounts, Commercial banks","Number","Annual","2021","3678210"
"Dominican Republic","Loan Accounts, Commercial banks","Number","Annual","2022","4329572"
"Dominican Republic","Loan Accounts, Commercial banks","Number","Annual","2023","5318242"
"Algeria","Loan Accounts, Commercial banks","Number","Annual","2016","1463244"
"Algeria","Loan Accounts, Commercial banks","Number","Annual","2017","1379641"
"Algeria","Loan Accounts, Commercial banks","Number","Annual","2018","1710985.01"
"Algeria","Loan Accounts, Commercial banks","Number","Annual","2019","1782414"
"Algeria","Loan Accounts, Commercial banks","Number","Annual","2020","1628561"
"Algeria","Loan Accounts, Commercial banks","Number","Annual","2021","1646355"
"Algeria","Loan Accounts, Commercial banks","Number","Annual","2022","1562622"
"Algeria","Loan Accounts, Commercial banks","Number","Annual","2023","1765207"
"Ecuador","Loan Accounts, Commercial banks","Number","Annual","2016","1820370"
"Ecuador","Loan Accounts, Commercial banks","Number","Annual","2017","1798560"
"Ecuador","Loan Accounts, Commercial banks","Number","Annual","2018","1846196"
"Ecuador","Loan Accounts, Commercial banks","Number","Annual","2019","1934108"
"Ecuador","Loan Accounts, Commercial banks","Number","Annual","2020","1784414"
"Ecuador","Loan Accounts, Commercial banks","Number","Annual","2021","1959657"
"Ecuador","Loan Accounts, Commercial banks","Number","Annual","2022","2321004"
"Ecuador","Loan Accounts, Commercial banks","Number","Annual","2023","2398300"
"Egypt, Arab Republic of","Loan Accounts, Commercial banks","Number","Annual","2016","9097045"
"Egypt, Arab Republic of","Loan Accounts, Commercial banks","Number","Annual","2017","8644078"
"Egypt, Arab Republic of","Loan Accounts, Commercial banks","Number","Annual","2018","9746863"
"Egypt, Arab Republic of","Loan Accounts, Commercial banks","Number","Annual","2019","10384265"
"Egypt, Arab Republic of","Loan Accounts, Commercial banks","Number","Annual","2020","11152632"
"Egypt, Arab Republic of","Loan Accounts, Commercial banks","Number","Annual","2021","10387746"
"Egypt, Arab Republic of","Loan Accounts, Commercial banks","Number","Annual","2022","10626323"
"Egypt, Arab Republic of","Loan Accounts, Commercial banks","Number","Annual","2023","11412350"
"Spain","Loan Accounts, Commercial banks","Number","Annual","2016","33172014"
"Spain","Loan Accounts, Commercial banks","Number","Annual","2017","37343717"
"Spain","Loan Accounts, Commercial banks","Number","Annual","2018","40952585"
"Spain","Loan Accounts, Commercial banks","Number","Annual","2019","40949120"
"Spain","Loan Accounts, Commercial banks","Number","Annual","2020","47423638"
"Spain","Loan Accounts, Commercial banks","Number","Annual","2021","47239119"
"Spain","Loan Accounts, Commercial banks","Number","Annual","2022","45339196"
"Spain","Loan Accounts, Commercial banks","Number","Annual","2023","48180828"
"Estonia, Republic of","Loan Accounts, Commercial banks","Number","Annual","2016","740636"
"Estonia, Republic of","Loan Accounts, Commercial banks","Number","Annual","2017","762720"
"Estonia, Republic of","Loan Accounts, Commercial banks","Number","Annual","2018","791383"
"Estonia, Republic of","Loan Accounts, Commercial banks","Number","Annual","2019","845738"
"Estonia, Republic of","Loan Accounts, Commercial banks","Number","Annual","2020","800790"
"Estonia, Republic of","Loan Accounts, Commercial banks","Number","Annual","2021","660213"
"Estonia, Republic of","Loan Accounts, Commercial banks","Number","Annual","2022","655516"
"Estonia, Republic of","Loan Accounts, Commercial banks","Number","Annual","2023","643405"
"Ethiopia, The Federal Democratic Republic of","Loan Accounts, Commercial banks","Number","Annual","2022","2193549"
"Ethiopia, The Federal Democratic Republic of","Loan Accounts, Commercial banks","Number","Annual","2023","3049213"
"Fiji, Republic of","Loan Accounts, Commercial banks","Number","Annual","2016","119764"
"Fiji, Republic of","Loan Accounts, Commercial banks","Number","Annual","2017","106247"
"Fiji, Republic of","Loan Accounts, Commercial banks","Number","Annual","2018","98825"
"Fiji, Republic of","Loan Accounts, Commercial banks","Number","Annual","2019","94661"
"Fiji, Republic of","Loan Accounts, Commercial banks","Number","Annual","2020","80010"
"Fiji, Republic of","Loan Accounts, Commercial banks","Number","Annual","2021","79624"
"Fiji, Republic of","Loan Accounts, Commercial banks","Number","Annual","2022","70599"
"Micronesia, Federated States of","Loan Accounts, Commercial banks","Number","Annual","2016","7709"
"Micronesia, Federated States of","Loan Accounts, Commercial banks","Number","Annual","2017","7775"
"Micronesia, Federated States of","Loan Accounts, Commercial banks","Number","Annual","2018","8007"
"Micronesia, Federated States of","Loan Accounts, Commercial banks","Number","Annual","2019","8012"
"Micronesia, Federated States of","Loan Accounts, Commercial banks","Number","Annual","2020","8009"
"Micronesia, Federated States of","Loan Accounts, Commercial banks","Number","Annual","2021","8047"
"Micronesia, Federated States of","Loan Accounts, Commercial banks","Number","Annual","2022","7608"
"Micronesia, Federated States of","Loan Accounts, Commercial banks","Number","Annual","2023","7877"
"Georgia","Loan Accounts, Commercial banks","Number","Annual","2016","3096927"
"Georgia","Loan Accounts, Commercial banks","Number","Annual","2017","3751305"
"Georgia","Loan Accounts, Commercial banks","Number","Annual","2018","3524396"
"Georgia","Loan Accounts, Commercial banks","Number","Annual","2019","2943018"
"Georgia","Loan Accounts, Commercial banks","Number","Annual","2020","3040797.0014"
"Georgia","Loan Accounts, Commercial banks","Number","Annual","2021","3065627"
"Georgia","Loan Accounts, Commercial banks","Number","Annual","2022","3079435"
"Georgia","Loan Accounts, Commercial banks","Number","Annual","2023","3367296"
"Guinea","Loan Accounts, Commercial banks","Number","Annual","2016","110057"
"Guinea","Loan Accounts, Commercial banks","Number","Annual","2017","100104"
"Guinea","Loan Accounts, Commercial banks","Number","Annual","2018","119727"
"Guinea","Loan Accounts, Commercial banks","Number","Annual","2019","139705"
"Guinea","Loan Accounts, Commercial banks","Number","Annual","2020","179262"
"Guinea","Loan Accounts, Commercial banks","Number","Annual","2021","186072"
"Guinea","Loan Accounts, Commercial banks","Number","Annual","2022","206343"
"Guinea","Loan Accounts, Commercial banks","Number","Annual","2023","223447"
"Gambia, The","Loan Accounts, Commercial banks","Number","Annual","2016","53215"
"Gambia, The","Loan Accounts, Commercial banks","Number","Annual","2017","40357"
"Gambia, The","Loan Accounts, Commercial banks","Number","Annual","2018","39427"
"Gambia, The","Loan Accounts, Commercial banks","Number","Annual","2019","46638"
"Gambia, The","Loan Accounts, Commercial banks","Number","Annual","2020","56670"
"Gambia, The","Loan Accounts, Commercial banks","Number","Annual","2021","62274"
"Gambia, The","Loan Accounts, Commercial banks","Number","Annual","2022","68387"
"Gambia, The","Loan Accounts, Commercial banks","Number","Annual","2023","74853"
"Equatorial Guinea, Republic of","Loan Accounts, Commercial banks","Number","Annual","2016","22370"
"Equatorial Guinea, Republic of","Loan Accounts, Commercial banks","Number","Annual","2017","23012"
"Equatorial Guinea, Republic of","Loan Accounts, Commercial banks","Number","Annual","2018","28752"
"Equatorial Guinea, Republic of","Loan Accounts, Commercial banks","Number","Annual","2019","36393"
"Equatorial Guinea, Republic of","Loan Accounts, Commercial banks","Number","Annual","2020","34683"
"Equatorial Guinea, Republic of","Loan Accounts, Commercial banks","Number","Annual","2021","41858"
"Equatorial Guinea, Republic of","Loan Accounts, Commercial banks","Number","Annual","2022","76166"
"Greece","Loan Accounts, Commercial banks","Number","Annual","2016","7735345"
"Greece","Loan Accounts, Commercial banks","Number","Annual","2017","7688891"
"Greece","Loan Accounts, Commercial banks","Number","Annual","2018","7410368"
"Greece","Loan Accounts, Commercial banks","Number","Annual","2019","7590043"
"Greece","Loan Accounts, Commercial banks","Number","Annual","2020","7611706"
"Greece","Loan Accounts, Commercial banks","Number","Annual","2021","5572911"
"Greece","Loan Accounts, Commercial banks","Number","Annual","2022","5441480"
"Greece","Loan Accounts, Commercial banks","Number","Annual","2023","5672357"
"Grenada","Loan Accounts, Commercial banks","Number","Annual","2020","18069"
"Grenada","Loan Accounts, Commercial banks","Number","Annual","2021","21901"
"Grenada","Loan Accounts, Commercial banks","Number","Annual","2022","23416"
"Grenada","Loan Accounts, Commercial banks","Number","Annual","2023","26067"
"Guyana","Loan Accounts, Commercial banks","Number","Annual","2016","52206"
"Guyana","Loan Accounts, Commercial banks","Number","Annual","2017","52894"
"Guyana","Loan Accounts, Commercial banks","Number","Annual","2018","50010"
"Guyana","Loan Accounts, Commercial banks","Number","Annual","2019","68532"
"Guyana","Loan Accounts, Commercial banks","Number","Annual","2020","50384"
"Guyana","Loan Accounts, Commercial banks","Number","Annual","2021","52013"
"Guyana","Loan Accounts, Commercial banks","Number","Annual","2022","52667"
"Guatemala","Loan Accounts, Commercial banks","Number","Annual","2016","4356690"
"Guatemala","Loan Accounts, Commercial banks","Number","Annual","2017","4572568"
"Guatemala","Loan Accounts, Commercial banks","Number","Annual","2018","4761968"
"Guatemala","Loan Accounts, Commercial banks","Number","Annual","2019","4968577"
"Guatemala","Loan Accounts, Commercial banks","Number","Annual","2020","5107580"
"Guatemala","Loan Accounts, Commercial banks","Number","Annual","2021","5435078"
"Guatemala","Loan Accounts, Commercial banks","Number","Annual","2022","6052926"
"Guatemala","Loan Accounts, Commercial banks","Number","Annual","2023","6524263"
"Honduras","Loan Accounts, Commercial banks","Number","Annual","2016","1997299"
"Honduras","Loan Accounts, Commercial banks","Number","Annual","2017","1973085"
"Honduras","Loan Accounts, Commercial banks","Number","Annual","2018","1935432"
"Honduras","Loan Accounts, Commercial banks","Number","Annual","2019","1983081"
"Honduras","Loan Accounts, Commercial banks","Number","Annual","2020","1805170"
"Honduras","Loan Accounts, Commercial banks","Number","Annual","2021","1805316"
"Honduras","Loan Accounts, Commercial banks","Number","Annual","2022","2036181"
"Honduras","Loan Accounts, Commercial banks","Number","Annual","2023","2420892"
"Haiti","Loan Accounts, Commercial banks","Number","Annual","2016","137975"
"Haiti","Loan Accounts, Commercial banks","Number","Annual","2017","140325"
"Haiti","Loan Accounts, Commercial banks","Number","Annual","2018","127822"
"Haiti","Loan Accounts, Commercial banks","Number","Annual","2019","122387"
"Haiti","Loan Accounts, Commercial banks","Number","Annual","2020","102563"
"Hungary","Loan Accounts, Commercial banks","Number","Annual","2016","4746133"
"Hungary","Loan Accounts, Commercial banks","Number","Annual","2017","4599848"
"Hungary","Loan Accounts, Commercial banks","Number","Annual","2018","4601674"
"Hungary","Loan Accounts, Commercial banks","Number","Annual","2019","4633412"
"Hungary","Loan Accounts, Commercial banks","Number","Annual","2020","4740878"
"Hungary","Loan Accounts, Commercial banks","Number","Annual","2021","4580451"
"Hungary","Loan Accounts, Commercial banks","Number","Annual","2022","4032697"
"Hungary","Loan Accounts, Commercial banks","Number","Annual","2023","3889082"
"Indonesia","Loan Accounts, Commercial banks","Number","Annual","2016","41862245"
"Indonesia","Loan Accounts, Commercial banks","Number","Annual","2017","43022310"
"Indonesia","Loan Accounts, Commercial banks","Number","Annual","2018","44843525"
"Indonesia","Loan Accounts, Commercial banks","Number","Annual","2019","47642477"
"Indonesia","Loan Accounts, Commercial banks","Number","Annual","2020","48917560"
"Indonesia","Loan Accounts, Commercial banks","Number","Annual","2021","88304698"
"Indonesia","Loan Accounts, Commercial banks","Number","Annual","2022","78602166"
"Indonesia","Loan Accounts, Commercial banks","Number","Annual","2023","82274659"
"India","Loan Accounts, Commercial banks","Number","Annual","2016","162373917"
"India","Loan Accounts, Commercial banks","Number","Annual","2017","172383518"
"India","Loan Accounts, Commercial banks","Number","Annual","2018","196977100"
"India","Loan Accounts, Commercial banks","Number","Annual","2019","232301899"
"India","Loan Accounts, Commercial banks","Number","Annual","2020","272520183"
"India","Loan Accounts, Commercial banks","Number","Annual","2021","298335054"
"India","Loan Accounts, Commercial banks","Number","Annual","2022","320845183"
"India","Loan Accounts, Commercial banks","Number","Annual","2023","360243543"
"Iceland","Loan Accounts, Commercial banks","Number","Annual","2016","523486"
"Iceland","Loan Accounts, Commercial banks","Number","Annual","2017","526913"
"Iceland","Loan Accounts, Commercial banks","Number","Annual","2018","532867"
"Iceland","Loan Accounts, Commercial banks","Number","Annual","2019","552771"
"Iceland","Loan Accounts, Commercial banks","Number","Annual","2020","540988"
"Iceland","Loan Accounts, Commercial banks","Number","Annual","2021","558078"
"Iceland","Loan Accounts, Commercial banks","Number","Annual","2022","593995"
"Iceland","Loan Accounts, Commercial banks","Number","Annual","2023","601013"
"Italy","Loan Accounts, Commercial banks","Number","Annual","2016","41483502"
"Italy","Loan Accounts, Commercial banks","Number","Annual","2017","43188551"
"Italy","Loan Accounts, Commercial banks","Number","Annual","2018","42065430"
"Italy","Loan Accounts, Commercial banks","Number","Annual","2019","43276853"
"Italy","Loan Accounts, Commercial banks","Number","Annual","2020","44353818"
"Italy","Loan Accounts, Commercial banks","Number","Annual","2021","44270264"
"Italy","Loan Accounts, Commercial banks","Number","Annual","2022","46669381"
"Italy","Loan Accounts, Commercial banks","Number","Annual","2023","60031787"
"Jamaica","Loan Accounts, Commercial banks","Number","Annual","2016","487954"
"Jamaica","Loan Accounts, Commercial banks","Number","Annual","2017","455566"
"Jamaica","Loan Accounts, Commercial banks","Number","Annual","2018","486636"
"Jamaica","Loan Accounts, Commercial banks","Number","Annual","2019","553803"
"Jamaica","Loan Accounts, Commercial banks","Number","Annual","2020","553163"
"Jamaica","Loan Accounts, Commercial banks","Number","Annual","2021","574042"
"Jamaica","Loan Accounts, Commercial banks","Number","Annual","2022","595307"
"Jamaica","Loan Accounts, Commercial banks","Number","Annual","2023","609357"
"Jordan","Loan Accounts, Commercial banks","Number","Annual","2016","1094564"
"Jordan","Loan Accounts, Commercial banks","Number","Annual","2017","1272489"
"Jordan","Loan Accounts, Commercial banks","Number","Annual","2018","1351721"
"Jordan","Loan Accounts, Commercial banks","Number","Annual","2019","1321517"
"Jordan","Loan Accounts, Commercial banks","Number","Annual","2020","1541418"
"Jordan","Loan Accounts, Commercial banks","Number","Annual","2021","1328749"
"Jordan","Loan Accounts, Commercial banks","Number","Annual","2022","1341808"
"Jordan","Loan Accounts, Commercial banks","Number","Annual","2023","1406417"
"Japan","Loan Accounts, Commercial banks","Number","Annual","2016","22353511"
"Japan","Loan Accounts, Commercial banks","Number","Annual","2017","23031858"
"Japan","Loan Accounts, Commercial banks","Number","Annual","2018","23225629"
"Japan","Loan Accounts, Commercial banks","Number","Annual","2019","22885336"
"Japan","Loan Accounts, Commercial banks","Number","Annual","2020","22530067"
"Japan","Loan Accounts, Commercial banks","Number","Annual","2021","21433675"
"Japan","Loan Accounts, Commercial banks","Number","Annual","2022","21217961"
"Japan","Loan Accounts, Commercial banks","Number","Annual","2023","21212538"
"Kenya","Loan Accounts, Commercial banks","Number","Annual","2016","7813225"
"Kenya","Loan Accounts, Commercial banks","Number","Annual","2017","7112179"
"Kenya","Loan Accounts, Commercial banks","Number","Annual","2018","7180959"
"Kenya","Loan Accounts, Commercial banks","Number","Annual","2019","8347331"
"Kenya","Loan Accounts, Commercial banks","Number","Annual","2020","11420000"
"Kenya","Loan Accounts, Commercial banks","Number","Annual","2021","13016827"
"Kenya","Loan Accounts, Commercial banks","Number","Annual","2022","14442290.868"
"Kenya","Loan Accounts, Commercial banks","Number","Annual","2023","12918441"
"Kazakhstan, Republic of","Loan Accounts, Commercial banks","Number","Annual","2019","9242635"
"Kazakhstan, Republic of","Loan Accounts, Commercial banks","Number","Annual","2020","9257434"
"Kazakhstan, Republic of","Loan Accounts, Commercial banks","Number","Annual","2021","11871099"
"Kazakhstan, Republic of","Loan Accounts, Commercial banks","Number","Annual","2022","26481976"
"Kyrgyz Republic","Loan Accounts, Commercial banks","Number","Annual","2016","357490"
"Kyrgyz Republic","Loan Accounts, Commercial banks","Number","Annual","2017","376749"
"Kyrgyz Republic","Loan Accounts, Commercial banks","Number","Annual","2018","449209"
"Kyrgyz Republic","Loan Accounts, Commercial banks","Number","Annual","2019","585290"
"Kyrgyz Republic","Loan Accounts, Commercial banks","Number","Annual","2020","548157"
"Kyrgyz Republic","Loan Accounts, Commercial banks","Number","Annual","2021","640251"
"Kyrgyz Republic","Loan Accounts, Commercial banks","Number","Annual","2022","787058"
"Kyrgyz Republic","Loan Accounts, Commercial banks","Number","Annual","2023","1091660"
"Cambodia","Loan Accounts, Commercial banks","Number","Annual","2016","688691"
"Cambodia","Loan Accounts, Commercial banks","Number","Annual","2017","688898"
"Cambodia","Loan Accounts, Commercial banks","Number","Annual","2018","715934"
"Cambodia","Loan Accounts, Commercial banks","Number","Annual","2019","750051"
"Cambodia","Loan Accounts, Commercial banks","Number","Annual","2020","1078486"
"Cambodia","Loan Accounts, Commercial banks","Number","Annual","2021","1317676"
"Cambodia","Loan Accounts, Commercial banks","Number","Annual","2022","1457864"
"Cambodia","Loan Accounts, Commercial banks","Number","Annual","2023","2138822"
"St. Kitts and Nevis","Loan Accounts, Commercial banks","Number","Annual","2020","21062"
"St. Kitts and Nevis","Loan Accounts, Commercial banks","Number","Annual","2021","20341"
"St. Kitts and Nevis","Loan Accounts, Commercial banks","Number","Annual","2022","23430"
"St. Kitts and Nevis","Loan Accounts, Commercial banks","Number","Annual","2023","24636"
"Kosovo, Republic of","Loan Accounts, Commercial banks","Number","Annual","2016","219643"
"Kosovo, Republic of","Loan Accounts, Commercial banks","Number","Annual","2017","328535"
"Kosovo, Republic of","Loan Accounts, Commercial banks","Number","Annual","2018","344722"
"Kosovo, Republic of","Loan Accounts, Commercial banks","Number","Annual","2019","463531"
"Kosovo, Republic of","Loan Accounts, Commercial banks","Number","Annual","2020","425713"
"Kosovo, Republic of","Loan Accounts, Commercial banks","Number","Annual","2021","408120"
"Kosovo, Republic of","Loan Accounts, Commercial banks","Number","Annual","2022","460532.24"
"Kosovo, Republic of","Loan Accounts, Commercial banks","Number","Annual","2023","457522"
"Lao People's Democratic Republic","Loan Accounts, Commercial banks","Number","Annual","2016","140629"
"Lao People's Democratic Republic","Loan Accounts, Commercial banks","Number","Annual","2017","144857"
"Lao People's Democratic Republic","Loan Accounts, Commercial banks","Number","Annual","2018","150254"
"Lao People's Democratic Republic","Loan Accounts, Commercial banks","Number","Annual","2019","143752"
"Lao People's Democratic Republic","Loan Accounts, Commercial banks","Number","Annual","2020","307928"
"Lao People's Democratic Republic","Loan Accounts, Commercial banks","Number","Annual","2021","154314"
"Lao People's Democratic Republic","Loan Accounts, Commercial banks","Number","Annual","2022","122709"
"Lao People's Democratic Republic","Loan Accounts, Commercial banks","Number","Annual","2023","115700"
"Lebanon","Loan Accounts, Commercial banks","Number","Annual","2016","1907041"
"Lebanon","Loan Accounts, Commercial banks","Number","Annual","2017","2024690"
"Lebanon","Loan Accounts, Commercial banks","Number","Annual","2018","2254091"
"Lebanon","Loan Accounts, Commercial banks","Number","Annual","2019","2389195"
"Lebanon","Loan Accounts, Commercial banks","Number","Annual","2020","2036301"
"Lebanon","Loan Accounts, Commercial banks","Number","Annual","2021","1391534"
"Lebanon","Loan Accounts, Commercial banks","Number","Annual","2022","1045226"
"Lebanon","Loan Accounts, Commercial banks","Number","Annual","2023","738425"
"Liberia","Loan Accounts, Commercial banks","Number","Annual","2016","66430"
"Liberia","Loan Accounts, Commercial banks","Number","Annual","2017","62195"
"Liberia","Loan Accounts, Commercial banks","Number","Annual","2018","68377"
"Liberia","Loan Accounts, Commercial banks","Number","Annual","2019","54780"
"Liberia","Loan Accounts, Commercial banks","Number","Annual","2020","42115"
"Liberia","Loan Accounts, Commercial banks","Number","Annual","2021","33763"
"Liberia","Loan Accounts, Commercial banks","Number","Annual","2022","43096"
"Liberia","Loan Accounts, Commercial banks","Number","Annual","2023","44819.84"
"St. Lucia","Loan Accounts, Commercial banks","Number","Annual","2020","34555"
"St. Lucia","Loan Accounts, Commercial banks","Number","Annual","2021","42842"
"St. Lucia","Loan Accounts, Commercial banks","Number","Annual","2022","37965"
"St. Lucia","Loan Accounts, Commercial banks","Number","Annual","2023","38910"
"Lithuania, Republic of","Loan Accounts, Commercial banks","Number","Annual","2020","1016095"
"Lithuania, Republic of","Loan Accounts, Commercial banks","Number","Annual","2021","1011560"
"Lithuania, Republic of","Loan Accounts, Commercial banks","Number","Annual","2022","1032434"
"Lithuania, Republic of","Loan Accounts, Commercial banks","Number","Annual","2023","1054017"
"Lesotho, Kingdom of","Loan Accounts, Commercial banks","Number","Annual","2016","54748"
"Lesotho, Kingdom of","Loan Accounts, Commercial banks","Number","Annual","2017","65352"
"Lesotho, Kingdom of","Loan Accounts, Commercial banks","Number","Annual","2018","81350"
"Lesotho, Kingdom of","Loan Accounts, Commercial banks","Number","Annual","2019","68221"
"Lesotho, Kingdom of","Loan Accounts, Commercial banks","Number","Annual","2020","67464"
"Lesotho, Kingdom of","Loan Accounts, Commercial banks","Number","Annual","2021","65462"
"Lesotho, Kingdom of","Loan Accounts, Commercial banks","Number","Annual","2022","64949"
"Lesotho, Kingdom of","Loan Accounts, Commercial banks","Number","Annual","2023","59243"
"Latvia, Republic of","Loan Accounts, Commercial banks","Number","Annual","2016","839552"
"Latvia, Republic of","Loan Accounts, Commercial banks","Number","Annual","2017","813492"
"Latvia, Republic of","Loan Accounts, Commercial banks","Number","Annual","2018","768745"
"Latvia, Republic of","Loan Accounts, Commercial banks","Number","Annual","2019","753808"
"Latvia, Republic of","Loan Accounts, Commercial banks","Number","Annual","2020","686128"
"Latvia, Republic of","Loan Accounts, Commercial banks","Number","Annual","2021","667057"
"Latvia, Republic of","Loan Accounts, Commercial banks","Number","Annual","2022","654125"
"Latvia, Republic of","Loan Accounts, Commercial banks","Number","Annual","2023","659979"
"Morocco","Loan Accounts, Commercial banks","Number","Annual","2016","10510322"
"Morocco","Loan Accounts, Commercial banks","Number","Annual","2017","12776367"
"Morocco","Loan Accounts, Commercial banks","Number","Annual","2018","13545563"
"Morocco","Loan Accounts, Commercial banks","Number","Annual","2019","14975703"
"Morocco","Loan Accounts, Commercial banks","Number","Annual","2020","17988138"
"Morocco","Loan Accounts, Commercial banks","Number","Annual","2021","12236669"
"Morocco","Loan Accounts, Commercial banks","Number","Annual","2022","10023334"
"Morocco","Loan Accounts, Commercial banks","Number","Annual","2023","11868008"
"Moldova, Republic of","Loan Accounts, Commercial banks","Number","Annual","2016","236233"
"Moldova, Republic of","Loan Accounts, Commercial banks","Number","Annual","2017","212265"
"Moldova, Republic of","Loan Accounts, Commercial banks","Number","Annual","2018","277122"
"Moldova, Republic of","Loan Accounts, Commercial banks","Number","Annual","2019","355450"
"Moldova, Republic of","Loan Accounts, Commercial banks","Number","Annual","2020","441042"
"Moldova, Republic of","Loan Accounts, Commercial banks","Number","Annual","2021","570079"
"Moldova, Republic of","Loan Accounts, Commercial banks","Number","Annual","2022","509411"
"Moldova, Republic of","Loan Accounts, Commercial banks","Number","Annual","2023","543199"
"Madagascar, Republic of","Loan Accounts, Commercial banks","Number","Annual","2016","421093"
"Madagascar, Republic of","Loan Accounts, Commercial banks","Number","Annual","2017","637844"
"Madagascar, Republic of","Loan Accounts, Commercial banks","Number","Annual","2018","919494"
"Madagascar, Republic of","Loan Accounts, Commercial banks","Number","Annual","2019","1168416"
"Madagascar, Republic of","Loan Accounts, Commercial banks","Number","Annual","2020","1299937"
"Madagascar, Republic of","Loan Accounts, Commercial banks","Number","Annual","2021","1708552"
"Madagascar, Republic of","Loan Accounts, Commercial banks","Number","Annual","2022","2459197"
"Maldives","Loan Accounts, Commercial banks","Number","Annual","2016","54173"
"Maldives","Loan Accounts, Commercial banks","Number","Annual","2017","64013"
"Maldives","Loan Accounts, Commercial banks","Number","Annual","2018","66673"
"Maldives","Loan Accounts, Commercial banks","Number","Annual","2019","70632"
"Maldives","Loan Accounts, Commercial banks","Number","Annual","2020","80955"
"Maldives","Loan Accounts, Commercial banks","Number","Annual","2021","141487"
"Maldives","Loan Accounts, Commercial banks","Number","Annual","2022","158498"
"Maldives","Loan Accounts, Commercial banks","Number","Annual","2023","200510"
"North Macedonia, Republic of","Loan Accounts, Commercial banks","Number","Annual","2016","1194715"
"North Macedonia, Republic of","Loan Accounts, Commercial banks","Number","Annual","2017","1224179"
"North Macedonia, Republic of","Loan Accounts, Commercial banks","Number","Annual","2018","1247417"
"North Macedonia, Republic of","Loan Accounts, Commercial banks","Number","Annual","2019","1253011"
"North Macedonia, Republic of","Loan Accounts, Commercial banks","Number","Annual","2020","1216038"
"North Macedonia, Republic of","Loan Accounts, Commercial banks","Number","Annual","2021","1183700"
"North Macedonia, Republic of","Loan Accounts, Commercial banks","Number","Annual","2022","1169526"
"North Macedonia, Republic of","Loan Accounts, Commercial banks","Number","Annual","2023","1135213"
"Malta","Loan Accounts, Commercial banks","Number","Annual","2016","272195"
"Malta","Loan Accounts, Commercial banks","Number","Annual","2017","270607"
"Malta","Loan Accounts, Commercial banks","Number","Annual","2018","285221"
"Malta","Loan Accounts, Commercial banks","Number","Annual","2019","271034"
"Malta","Loan Accounts, Commercial banks","Number","Annual","2020","255516"
"Malta","Loan Accounts, Commercial banks","Number","Annual","2021","218874"
"Malta","Loan Accounts, Commercial banks","Number","Annual","2022","230210"
"Malta","Loan Accounts, Commercial banks","Number","Annual","2023","240830"
"Myanmar","Loan Accounts, Commercial banks","Number","Annual","2016","170010"
"Myanmar","Loan Accounts, Commercial banks","Number","Annual","2017","192070"
"Myanmar","Loan Accounts, Commercial banks","Number","Annual","2018","241194"
"Myanmar","Loan Accounts, Commercial banks","Number","Annual","2019","483755"
"Montenegro","Loan Accounts, Commercial banks","Number","Annual","2016","252374"
"Montenegro","Loan Accounts, Commercial banks","Number","Annual","2017","255312"
"Montenegro","Loan Accounts, Commercial banks","Number","Annual","2018","252673"
"Montenegro","Loan Accounts, Commercial banks","Number","Annual","2019","244560"
"Montenegro","Loan Accounts, Commercial banks","Number","Annual","2020","249589"
"Montenegro","Loan Accounts, Commercial banks","Number","Annual","2021","250607"
"Montenegro","Loan Accounts, Commercial banks","Number","Annual","2022","256625"
"Montenegro","Loan Accounts, Commercial banks","Number","Annual","2023","268350"
"Mongolia","Loan Accounts, Commercial banks","Number","Annual","2016","1813481"
"Mongolia","Loan Accounts, Commercial banks","Number","Annual","2017","1014792"
"Mongolia","Loan Accounts, Commercial banks","Number","Annual","2018","1222273"
"Mongolia","Loan Accounts, Commercial banks","Number","Annual","2019","1394654"
"Mongolia","Loan Accounts, Commercial banks","Number","Annual","2020","1307504"
"Mongolia","Loan Accounts, Commercial banks","Number","Annual","2021","1452138"
"Mongolia","Loan Accounts, Commercial banks","Number","Annual","2022","1588794"
"Mongolia","Loan Accounts, Commercial banks","Number","Annual","2023","1797761"
"Mauritania, Islamic Republic of","Loan Accounts, Commercial banks","Number","Annual","2016","173366"
"Mauritania, Islamic Republic of","Loan Accounts, Commercial banks","Number","Annual","2017","193831"
"Mauritania, Islamic Republic of","Loan Accounts, Commercial banks","Number","Annual","2018","209093"
"Mauritania, Islamic Republic of","Loan Accounts, Commercial banks","Number","Annual","2019","224105"
"Mauritania, Islamic Republic of","Loan Accounts, Commercial banks","Number","Annual","2020","251408"
"Mauritania, Islamic Republic of","Loan Accounts, Commercial banks","Number","Annual","2021","276064"
"Mauritania, Islamic Republic of","Loan Accounts, Commercial banks","Number","Annual","2022","292175"
"Mauritius","Loan Accounts, Commercial banks","Number","Annual","2016","404295"
"Mauritius","Loan Accounts, Commercial banks","Number","Annual","2017","400503"
"Mauritius","Loan Accounts, Commercial banks","Number","Annual","2018","384356"
"Mauritius","Loan Accounts, Commercial banks","Number","Annual","2019","383672"
"Mauritius","Loan Accounts, Commercial banks","Number","Annual","2020","378830"
"Mauritius","Loan Accounts, Commercial banks","Number","Annual","2021","366560"
"Mauritius","Loan Accounts, Commercial banks","Number","Annual","2022","373153"
"Mauritius","Loan Accounts, Commercial banks","Number","Annual","2023","404508"
"Malawi","Loan Accounts, Commercial banks","Number","Annual","2016","382896"
"Malawi","Loan Accounts, Commercial banks","Number","Annual","2017","144857"
"Malawi","Loan Accounts, Commercial banks","Number","Annual","2018","140358"
"Malawi","Loan Accounts, Commercial banks","Number","Annual","2019","156966"
"Malawi","Loan Accounts, Commercial banks","Number","Annual","2020","174592"
"Malawi","Loan Accounts, Commercial banks","Number","Annual","2021","203485"
"Malawi","Loan Accounts, Commercial banks","Number","Annual","2022","261420"
"Malaysia","Loan Accounts, Commercial banks","Number","Annual","2016","19832831"
"Malaysia","Loan Accounts, Commercial banks","Number","Annual","2017","20338550"
"Malaysia","Loan Accounts, Commercial banks","Number","Annual","2018","20831059"
"Malaysia","Loan Accounts, Commercial banks","Number","Annual","2019","20459529"
"Malaysia","Loan Accounts, Commercial banks","Number","Annual","2020","20266528"
"Malaysia","Loan Accounts, Commercial banks","Number","Annual","2021","20249953"
"Malaysia","Loan Accounts, Commercial banks","Number","Annual","2022","20830917"
"Malaysia","Loan Accounts, Commercial banks","Number","Annual","2023","21719771"
"Namibia","Loan Accounts, Commercial banks","Number","Annual","2016","666100"
"Namibia","Loan Accounts, Commercial banks","Number","Annual","2017","739812"
"Namibia","Loan Accounts, Commercial banks","Number","Annual","2018","789939"
"Namibia","Loan Accounts, Commercial banks","Number","Annual","2019","897033"
"Namibia","Loan Accounts, Commercial banks","Number","Annual","2020","1031662"
"Namibia","Loan Accounts, Commercial banks","Number","Annual","2021","1327032"
"Namibia","Loan Accounts, Commercial banks","Number","Annual","2022","1473322"
"Nicaragua","Loan Accounts, Commercial banks","Number","Annual","2016","1461697"
"Nicaragua","Loan Accounts, Commercial banks","Number","Annual","2017","1600388"
"Nicaragua","Loan Accounts, Commercial banks","Number","Annual","2018","1361026"
"Nicaragua","Loan Accounts, Commercial banks","Number","Annual","2019","1105215"
"Nicaragua","Loan Accounts, Commercial banks","Number","Annual","2020","1013307"
"Nicaragua","Loan Accounts, Commercial banks","Number","Annual","2021","1052368"
"Nicaragua","Loan Accounts, Commercial banks","Number","Annual","2022","1168041"
"Nicaragua","Loan Accounts, Commercial banks","Number","Annual","2023","1407686"
"Netherlands, The","Loan Accounts, Commercial banks","Number","Annual","2016","11413234"
"Netherlands, The","Loan Accounts, Commercial banks","Number","Annual","2017","10407571"
"Netherlands, The","Loan Accounts, Commercial banks","Number","Annual","2018","11084418"
"Netherlands, The","Loan Accounts, Commercial banks","Number","Annual","2019","10844415"
"Netherlands, The","Loan Accounts, Commercial banks","Number","Annual","2020","10630132"
"Netherlands, The","Loan Accounts, Commercial banks","Number","Annual","2021","10426505"
"Norway","Loan Accounts, Commercial banks","Number","Annual","2016",""
"Norway","Loan Accounts, Commercial banks","Number","Annual","2017",""
"Norway","Loan Accounts, Commercial banks","Number","Annual","2018",""
"Norway","Loan Accounts, Commercial banks","Number","Annual","2019",""
"Norway","Loan Accounts, Commercial banks","Number","Annual","2020",""
"Norway","Loan Accounts, Commercial banks","Number","Annual","2021",""
"Norway","Loan Accounts, Commercial banks","Number","Annual","2022",""
"Norway","Loan Accounts, Commercial banks","Number","Annual","2023",""
"Nepal","Loan Accounts, Commercial banks","Number","Annual","2016","753636"
"Nepal","Loan Accounts, Commercial banks","Number","Annual","2017","898710"
"Nepal","Loan Accounts, Commercial banks","Number","Annual","2018","953310"
"Nepal","Loan Accounts, Commercial banks","Number","Annual","2019","1047537"
"Nepal","Loan Accounts, Commercial banks","Number","Annual","2020","1196289.0001"
"Nepal","Loan Accounts, Commercial banks","Number","Annual","2021","1366442"
"Nepal","Loan Accounts, Commercial banks","Number","Annual","2022","1491767"
"Nepal","Loan Accounts, Commercial banks","Number","Annual","2023","1512193"
"Nauru, Republic of","Loan Accounts, Commercial banks","Number","Annual","2022",""
"Nauru, Republic of","Loan Accounts, Commercial banks","Number","Annual","2023",""
"Oman","Loan Accounts, Commercial banks","Number","Annual","2019","1045029"
"Oman","Loan Accounts, Commercial banks","Number","Annual","2020","743780"
"Oman","Loan Accounts, Commercial banks","Number","Annual","2021","869079"
"Oman","Loan Accounts, Commercial banks","Number","Annual","2022","1014757"
"Pakistan","Loan Accounts, Commercial banks","Number","Annual","2016","3442173"
"Pakistan","Loan Accounts, Commercial banks","Number","Annual","2017","3619971"
"Pakistan","Loan Accounts, Commercial banks","Number","Annual","2018","3839599"
"Pakistan","Loan Accounts, Commercial banks","Number","Annual","2019","3836388"
"Pakistan","Loan Accounts, Commercial banks","Number","Annual","2020","4389775"
"Pakistan","Loan Accounts, Commercial banks","Number","Annual","2021","4051464"
"Pakistan","Loan Accounts, Commercial banks","Number","Annual","2022","3999786"
"Pakistan","Loan Accounts, Commercial banks","Number","Annual","2023","3618553"
"Panama","Loan Accounts, Commercial banks","Number","Annual","2016","1804687"
"Panama","Loan Accounts, Commercial banks","Number","Annual","2017","1871727"
"Panama","Loan Accounts, Commercial banks","Number","Annual","2018","1949317"
"Panama","Loan Accounts, Commercial banks","Number","Annual","2019","2054009"
"Panama","Loan Accounts, Commercial banks","Number","Annual","2020","1930740"
"Panama","Loan Accounts, Commercial banks","Number","Annual","2021","1897468"
"Panama","Loan Accounts, Commercial banks","Number","Annual","2022","1937565"
"Panama","Loan Accounts, Commercial banks","Number","Annual","2023","2019053"
"Peru","Loan Accounts, Commercial banks","Number","Annual","2016","5618532"
"Peru","Loan Accounts, Commercial banks","Number","Annual","2017","5586749"
"Peru","Loan Accounts, Commercial banks","Number","Annual","2018","5771314"
"Peru","Loan Accounts, Commercial banks","Number","Annual","2019","5923035"
"Peru","Loan Accounts, Commercial banks","Number","Annual","2020","5440443"
"Peru","Loan Accounts, Commercial banks","Number","Annual","2021","5549635"
"Peru","Loan Accounts, Commercial banks","Number","Annual","2022","6275025"
"Peru","Loan Accounts, Commercial banks","Number","Annual","2023","6203041"
"Palau, Republic of","Loan Accounts, Commercial banks","Number","Annual","2016","6354"
"Palau, Republic of","Loan Accounts, Commercial banks","Number","Annual","2017","5971"
"Papua New Guinea","Loan Accounts, Commercial banks","Number","Annual","2016","194125.524"
"Papua New Guinea","Loan Accounts, Commercial banks","Number","Annual","2017","215715.817"
"Papua New Guinea","Loan Accounts, Commercial banks","Number","Annual","2018","209399"
"Papua New Guinea","Loan Accounts, Commercial banks","Number","Annual","2019","123932"
"Papua New Guinea","Loan Accounts, Commercial banks","Number","Annual","2020","116938"
"Papua New Guinea","Loan Accounts, Commercial banks","Number","Annual","2021","323687"
"Papua New Guinea","Loan Accounts, Commercial banks","Number","Annual","2022","216567"
"Poland, Republic of","Loan Accounts, Commercial banks","Number","Annual","2016","27000229"
"Poland, Republic of","Loan Accounts, Commercial banks","Number","Annual","2017","27240311"
"Poland, Republic of","Loan Accounts, Commercial banks","Number","Annual","2018","27782152"
"Poland, Republic of","Loan Accounts, Commercial banks","Number","Annual","2019","28239054"
"Poland, Republic of","Loan Accounts, Commercial banks","Number","Annual","2020","27561699"
"Poland, Republic of","Loan Accounts, Commercial banks","Number","Annual","2021","27754550"
"Poland, Republic of","Loan Accounts, Commercial banks","Number","Annual","2022","28122303"
"Poland, Republic of","Loan Accounts, Commercial banks","Number","Annual","2023","31602119"
"Portugal","Loan Accounts, Commercial banks","Number","Annual","2016","6417728"
"Portugal","Loan Accounts, Commercial banks","Number","Annual","2017","6800206"
"Portugal","Loan Accounts, Commercial banks","Number","Annual","2018","8314317"
"Portugal","Loan Accounts, Commercial banks","Number","Annual","2019","8450870"
"Portugal","Loan Accounts, Commercial banks","Number","Annual","2020","8257801"
"Portugal","Loan Accounts, Commercial banks","Number","Annual","2021","8091080"
"Portugal","Loan Accounts, Commercial banks","Number","Annual","2022","8253699"
"Portugal","Loan Accounts, Commercial banks","Number","Annual","2023","8343643"
"Paraguay","Loan Accounts, Commercial banks","Number","Annual","2019","3096377"
"Paraguay","Loan Accounts, Commercial banks","Number","Annual","2020","2649948"
"Paraguay","Loan Accounts, Commercial banks","Number","Annual","2021","2948232"
"Paraguay","Loan Accounts, Commercial banks","Number","Annual","2022","3175694"
"Paraguay","Loan Accounts, Commercial banks","Number","Annual","2023","4021451"
"Romania","Loan Accounts, Commercial banks","Number","Annual","2016","5684470"
"Romania","Loan Accounts, Commercial banks","Number","Annual","2017","5729550"
"Romania","Loan Accounts, Commercial banks","Number","Annual","2018","6191350"
"Romania","Loan Accounts, Commercial banks","Number","Annual","2019","6463856"
"Romania","Loan Accounts, Commercial banks","Number","Annual","2020","6330288"
"Romania","Loan Accounts, Commercial banks","Number","Annual","2021","6344516"
"Romania","Loan Accounts, Commercial banks","Number","Annual","2022","6430339"
"Romania","Loan Accounts, Commercial banks","Number","Annual","2023","6629808"
"Rwanda","Loan Accounts, Commercial banks","Number","Annual","2016","206461"
"Rwanda","Loan Accounts, Commercial banks","Number","Annual","2017","142879"
"Rwanda","Loan Accounts, Commercial banks","Number","Annual","2018","203278"
"Rwanda","Loan Accounts, Commercial banks","Number","Annual","2019","298014"
"Rwanda","Loan Accounts, Commercial banks","Number","Annual","2020","391582"
"Rwanda","Loan Accounts, Commercial banks","Number","Annual","2021","379632"
"Rwanda","Loan Accounts, Commercial banks","Number","Annual","2022","386310"
"Rwanda","Loan Accounts, Commercial banks","Number","Annual","2023","747848"
"Saudi Arabia","Loan Accounts, Commercial banks","Number","Annual","2016","5672233"
"Saudi Arabia","Loan Accounts, Commercial banks","Number","Annual","2017","6695286"
"Saudi Arabia","Loan Accounts, Commercial banks","Number","Annual","2018","6747095"
"Saudi Arabia","Loan Accounts, Commercial banks","Number","Annual","2019","5174270"
"Saudi Arabia","Loan Accounts, Commercial banks","Number","Annual","2020","5609161"
"Saudi Arabia","Loan Accounts, Commercial banks","Number","Annual","2021","7115123"
"Saudi Arabia","Loan Accounts, Commercial banks","Number","Annual","2022","10075463"
"Saudi Arabia","Loan Accounts, Commercial banks","Number","Annual","2023","11379806"
"Solomon Islands","Loan Accounts, Commercial banks","Number","Annual","2016","11004"
"Solomon Islands","Loan Accounts, Commercial banks","Number","Annual","2017","10356"
"Solomon Islands","Loan Accounts, Commercial banks","Number","Annual","2018","33685"
"Solomon Islands","Loan Accounts, Commercial banks","Number","Annual","2019","38824"
"Solomon Islands","Loan Accounts, Commercial banks","Number","Annual","2020","35862"
"Solomon Islands","Loan Accounts, Commercial banks","Number","Annual","2021","19302"
"Solomon Islands","Loan Accounts, Commercial banks","Number","Annual","2022","19875"
"Solomon Islands","Loan Accounts, Commercial banks","Number","Annual","2023","20651"
"El Salvador","Loan Accounts, Commercial banks","Number","Annual","2016","1752598"
"El Salvador","Loan Accounts, Commercial banks","Number","Annual","2017","1814670"
"El Salvador","Loan Accounts, Commercial banks","Number","Annual","2018","1905567"
"El Salvador","Loan Accounts, Commercial banks","Number","Annual","2019","1994634"
"El Salvador","Loan Accounts, Commercial banks","Number","Annual","2020","2206721"
"El Salvador","Loan Accounts, Commercial banks","Number","Annual","2021","2057367"
"El Salvador","Loan Accounts, Commercial banks","Number","Annual","2022","2132698"
"El Salvador","Loan Accounts, Commercial banks","Number","Annual","2023","2312038"
"San Marino, Republic of","Loan Accounts, Commercial banks","Number","Annual","2016","23914"
"San Marino, Republic of","Loan Accounts, Commercial banks","Number","Annual","2017","25257"
"San Marino, Republic of","Loan Accounts, Commercial banks","Number","Annual","2018","24290"
"San Marino, Republic of","Loan Accounts, Commercial banks","Number","Annual","2019","21646"
"San Marino, Republic of","Loan Accounts, Commercial banks","Number","Annual","2020","20388"
"San Marino, Republic of","Loan Accounts, Commercial banks","Number","Annual","2021","19435"
"San Marino, Republic of","Loan Accounts, Commercial banks","Number","Annual","2022","19198"
"San Marino, Republic of","Loan Accounts, Commercial banks","Number","Annual","2023","17224"
"Serbia, Republic of","Loan Accounts, Commercial banks","Number","Annual","2016","4381510"
"Serbia, Republic of","Loan Accounts, Commercial banks","Number","Annual","2017","4394388"
"Serbia, Republic of","Loan Accounts, Commercial banks","Number","Annual","2018","4389367"
"Serbia, Republic of","Loan Accounts, Commercial banks","Number","Annual","2019","4482035"
"Serbia, Republic of","Loan Accounts, Commercial banks","Number","Annual","2020","4703574"
"Serbia, Republic of","Loan Accounts, Commercial banks","Number","Annual","2021","4420389"
"Serbia, Republic of","Loan Accounts, Commercial banks","Number","Annual","2022","4450511"
"Serbia, Republic of","Loan Accounts, Commercial banks","Number","Annual","2023","4308047"
"South Sudan, Republic of","Loan Accounts, Commercial banks","Number","Annual","2016","8215"
"South Sudan, Republic of","Loan Accounts, Commercial banks","Number","Annual","2017","4581"
"South Sudan, Republic of","Loan Accounts, Commercial banks","Number","Annual","2018","4115"
"South Sudan, Republic of","Loan Accounts, Commercial banks","Number","Annual","2019","3687"
"South Sudan, Republic of","Loan Accounts, Commercial banks","Number","Annual","2020","7817"
"South Sudan, Republic of","Loan Accounts, Commercial banks","Number","Annual","2021","4255"
"South Sudan, Republic of","Loan Accounts, Commercial banks","Number","Annual","2022","5610"
"South Sudan, Republic of","Loan Accounts, Commercial banks","Number","Annual","2023","8103"
"São Tomé and Príncipe, Democratic Republic of","Loan Accounts, Commercial banks","Number","Annual","2016","16187"
"São Tomé and Príncipe, Democratic Republic of","Loan Accounts, Commercial banks","Number","Annual","2017","19604"
"São Tomé and Príncipe, Democratic Republic of","Loan Accounts, Commercial banks","Number","Annual","2018","17475"
"São Tomé and Príncipe, Democratic Republic of","Loan Accounts, Commercial banks","Number","Annual","2019","18371"
"São Tomé and Príncipe, Democratic Republic of","Loan Accounts, Commercial banks","Number","Annual","2020","17791"
"São Tomé and Príncipe, Democratic Republic of","Loan Accounts, Commercial banks","Number","Annual","2021","22081"
"São Tomé and Príncipe, Democratic Republic of","Loan Accounts, Commercial banks","Number","Annual","2022","12986"
"Suriname","Loan Accounts, Commercial banks","Number","Annual","2016","85127"
"Suriname","Loan Accounts, Commercial banks","Number","Annual","2017","91034"
"Suriname","Loan Accounts, Commercial banks","Number","Annual","2018","92656"
"Suriname","Loan Accounts, Commercial banks","Number","Annual","2019","91127"
"Suriname","Loan Accounts, Commercial banks","Number","Annual","2020","72644.718"
"Suriname","Loan Accounts, Commercial banks","Number","Annual","2021","69837.387"
"Suriname","Loan Accounts, Commercial banks","Number","Annual","2022","84969.979"
"Suriname","Loan Accounts, Commercial banks","Number","Annual","2023","85606.462"
"Eswatini, Kingdom of","Loan Accounts, Commercial banks","Number","Annual","2016","138566"
"Eswatini, Kingdom of","Loan Accounts, Commercial banks","Number","Annual","2017","140844"
"Eswatini, Kingdom of","Loan Accounts, Commercial banks","Number","Annual","2018","96925"
"Eswatini, Kingdom of","Loan Accounts, Commercial banks","Number","Annual","2019","96900"
"Eswatini, Kingdom of","Loan Accounts, Commercial banks","Number","Annual","2020","95695"
"Eswatini, Kingdom of","Loan Accounts, Commercial banks","Number","Annual","2021","151712"
"Eswatini, Kingdom of","Loan Accounts, Commercial banks","Number","Annual","2022","177305"
"Seychelles","Loan Accounts, Commercial banks","Number","Annual","2016","18971"
"Seychelles","Loan Accounts, Commercial banks","Number","Annual","2017","24102"
"Seychelles","Loan Accounts, Commercial banks","Number","Annual","2018","28326"
"Seychelles","Loan Accounts, Commercial banks","Number","Annual","2019","30688"
"Seychelles","Loan Accounts, Commercial banks","Number","Annual","2020","29678"
"Seychelles","Loan Accounts, Commercial banks","Number","Annual","2021","27606"
"Seychelles","Loan Accounts, Commercial banks","Number","Annual","2022","30323"
"Chad","Loan Accounts, Commercial banks","Number","Annual","2016","102340"
"Chad","Loan Accounts, Commercial banks","Number","Annual","2017","95934"
"Chad","Loan Accounts, Commercial banks","Number","Annual","2018","99923"
"Chad","Loan Accounts, Commercial banks","Number","Annual","2019","82952"
"Chad","Loan Accounts, Commercial banks","Number","Annual","2020","78015"
"Chad","Loan Accounts, Commercial banks","Number","Annual","2021","92707"
"Chad","Loan Accounts, Commercial banks","Number","Annual","2022","92112"
"Togo","Loan Accounts, Commercial banks","Number","Annual","2019","164361"
"Togo","Loan Accounts, Commercial banks","Number","Annual","2020","171330"
"Togo","Loan Accounts, Commercial banks","Number","Annual","2021","169726"
"Togo","Loan Accounts, Commercial banks","Number","Annual","2022","161262"
"Thailand","Loan Accounts, Commercial banks","Number","Annual","2016","24337801"
"Thailand","Loan Accounts, Commercial banks","Number","Annual","2017","24125911"
"Thailand","Loan Accounts, Commercial banks","Number","Annual","2018","25378871"
"Thailand","Loan Accounts, Commercial banks","Number","Annual","2019","27357712"
"Thailand","Loan Accounts, Commercial banks","Number","Annual","2020","27834089"
"Thailand","Loan Accounts, Commercial banks","Number","Annual","2021","29000997"
"Thailand","Loan Accounts, Commercial banks","Number","Annual","2022","26880336"
"Thailand","Loan Accounts, Commercial banks","Number","Annual","2023","27216164"
"Tonga","Loan Accounts, Commercial banks","Number","Annual","2016","11238"
"Tonga","Loan Accounts, Commercial banks","Number","Annual","2017","10707"
"Tonga","Loan Accounts, Commercial banks","Number","Annual","2018","9684"
"Trinidad and Tobago","Loan Accounts, Commercial banks","Number","Annual","2016","733075"
"Trinidad and Tobago","Loan Accounts, Commercial banks","Number","Annual","2017","710264"
"Trinidad and Tobago","Loan Accounts, Commercial banks","Number","Annual","2018","678972.8"
"Trinidad and Tobago","Loan Accounts, Commercial banks","Number","Annual","2019","693901.8"
"Trinidad and Tobago","Loan Accounts, Commercial banks","Number","Annual","2020","701452.5"
"Trinidad and Tobago","Loan Accounts, Commercial banks","Number","Annual","2021","685900.2"
"Trinidad and Tobago","Loan Accounts, Commercial banks","Number","Annual","2022","668727.5"
"Trinidad and Tobago","Loan Accounts, Commercial banks","Number","Annual","2023","695122.5"
"Tanzania, United Republic of","Loan Accounts, Commercial banks","Number","Annual","2018","961486"
"Tanzania, United Republic of","Loan Accounts, Commercial banks","Number","Annual","2019","3123135"
"Tanzania, United Republic of","Loan Accounts, Commercial banks","Number","Annual","2020","2140417"
"Tanzania, United Republic of","Loan Accounts, Commercial banks","Number","Annual","2021","3185734"
"Tanzania, United Republic of","Loan Accounts, Commercial banks","Number","Annual","2022","1239128"
"Uganda","Loan Accounts, Commercial banks","Number","Annual","2016","735871"
"Uganda","Loan Accounts, Commercial banks","Number","Annual","2017","687928"
"Uganda","Loan Accounts, Commercial banks","Number","Annual","2018","1658859"
"Uganda","Loan Accounts, Commercial banks","Number","Annual","2019","1532195"
"Uganda","Loan Accounts, Commercial banks","Number","Annual","2020","1423585"
"Uganda","Loan Accounts, Commercial banks","Number","Annual","2021","1391889"
"Uganda","Loan Accounts, Commercial banks","Number","Annual","2022","1211495"
"Uganda","Loan Accounts, Commercial banks","Number","Annual","2023","1153044"
"Uzbekistan, Republic of","Loan Accounts, Commercial banks","Number","Annual","2016","2743433"
"Uzbekistan, Republic of","Loan Accounts, Commercial banks","Number","Annual","2017","3541395"
"Uzbekistan, Republic of","Loan Accounts, Commercial banks","Number","Annual","2018","4652595"
"Uzbekistan, Republic of","Loan Accounts, Commercial banks","Number","Annual","2019","6472243"
"Uzbekistan, Republic of","Loan Accounts, Commercial banks","Number","Annual","2020","8059810"
"Uzbekistan, Republic of","Loan Accounts, Commercial banks","Number","Annual","2021","10242966"
"Uzbekistan, Republic of","Loan Accounts, Commercial banks","Number","Annual","2022","12873637"
"Uzbekistan, Republic of","Loan Accounts, Commercial banks","Number","Annual","2023","16791185"
"Vanuatu","Loan Accounts, Commercial banks","Number","Annual","2016","29373"
"Vanuatu","Loan Accounts, Commercial banks","Number","Annual","2017","31894"
"Vanuatu","Loan Accounts, Commercial banks","Number","Annual","2018","33455"
"Vanuatu","Loan Accounts, Commercial banks","Number","Annual","2019","35163"
"Vanuatu","Loan Accounts, Commercial banks","Number","Annual","2020","15824"
"Vanuatu","Loan Accounts, Commercial banks","Number","Annual","2021","18642"
"West Bank and Gaza","Loan Accounts, Commercial banks","Number","Annual","2016","428837"
"West Bank and Gaza","Loan Accounts, Commercial banks","Number","Annual","2017","471298"
"West Bank and Gaza","Loan Accounts, Commercial banks","Number","Annual","2018","502381"
"West Bank and Gaza","Loan Accounts, Commercial banks","Number","Annual","2019","610169.307475317"
"West Bank and Gaza","Loan Accounts, Commercial banks","Number","Annual","2020","689865.215"
"West Bank and Gaza","Loan Accounts, Commercial banks","Number","Annual","2021","953702.73713754"
"West Bank and Gaza","Loan Accounts, Commercial banks","Number","Annual","2022","1029469.10495032"
"West Bank and Gaza","Loan Accounts, Commercial banks","Number","Annual","2023","1098394"
"Samoa","Loan Accounts, Commercial banks","Number","Annual","2016","16239"
"Samoa","Loan Accounts, Commercial banks","Number","Annual","2017","17275"
"Samoa","Loan Accounts, Commercial banks","Number","Annual","2018","19449"
"Samoa","Loan Accounts, Commercial banks","Number","Annual","2019","19890"
"Samoa","Loan Accounts, Commercial banks","Number","Annual","2020","16118"
"Samoa","Loan Accounts, Commercial banks","Number","Annual","2021","15570"
"Samoa","Loan Accounts, Commercial banks","Number","Annual","2022","15969"
"Samoa","Loan Accounts, Commercial banks","Number","Annual","2023","22192"
"South Africa","Loan Accounts, Commercial banks","Number","Annual","2016","15361366"
"South Africa","Loan Accounts, Commercial banks","Number","Annual","2017","15703909"
"South Africa","Loan Accounts, Commercial banks","Number","Annual","2018","16286366"
"South Africa","Loan Accounts, Commercial banks","Number","Annual","2019","17820014"
"South Africa","Loan Accounts, Commercial banks","Number","Annual","2020","21312147"
"South Africa","Loan Accounts, Commercial banks","Number","Annual","2021","22070578"
"South Africa","Loan Accounts, Commercial banks","Number","Annual","2022","24013447"
"South Africa","Loan Accounts, Commercial banks","Number","Annual","2023","25450305"
"Zambia","Loan Accounts, Commercial banks","Number","Annual","2016","222604"
"Zambia","Loan Accounts, Commercial banks","Number","Annual","2017","225183"
"Zambia","Loan Accounts, Commercial banks","Number","Annual","2018","214412"
"Zambia","Loan Accounts, Commercial banks","Number","Annual","2019","228423"
"Zambia","Loan Accounts, Commercial banks","Number","Annual","2020","222175"
"Zambia","Loan Accounts, Commercial banks","Number","Annual","2021","358797"
"Zambia","Loan Accounts, Commercial banks","Number","Annual","2022","537587"
"Zimbabwe","Loan Accounts, Commercial banks","Number","Annual","2016","303715"
"Zimbabwe","Loan Accounts, Commercial banks","Number","Annual","2017","356885"
"Zimbabwe","Loan Accounts, Commercial banks","Number","Annual","2018","1202585"
"Zimbabwe","Loan Accounts, Commercial banks","Number","Annual","2019","922405"
"Zimbabwe","Loan Accounts, Commercial banks","Number","Annual","2020","587733"
"Zimbabwe","Loan Accounts, Commercial banks","Number","Annual","2021","580981"
"Zimbabwe","Loan Accounts, Commercial banks","Number","Annual","2022","503992"
"Zimbabwe","Loan Accounts, Commercial banks","Number","Annual","2023","489163"
